City_names,States,Santuary_cities,Anti_immigration_ordinances,Municipal_ID,Driver_license,Education_equity,Citizenship_support,Non-citizen_voting,County_ordinances,City_fund,County_fund,Total,County_names,OEO_fund,Total_pop,Black_pop,Asian_pop,Latino_pop,Asian_per,Latino_per,A2B,L2B,election_1980
ANCHORAGE,AK,1,0,0,0,0,0,0,0,22778463,0,22778463,ANCHORAGE,NA,174431,9114,4043,5222,2.317821947,2.993733912,0.4436032478,0.5729646697,NA
JONESBORO,AK,0,0,0,0,0,0,0,0,848535,0,848535,CRAIGHEAD,NA,NA,NA,NA,NA,NA,NA,NA,NA,NA
SPRINGDALE,AK,0,0,0,0,0,0,0,0,5606000,0,5606000,WASHINGTON,NA,NA,NA,NA,NA,NA,NA,NA,NA,NA
BIRMINGHAM,AL,1,0,0,0,0,0,0,0,132054836,51210030,183264866,JEFFERSON,6.913997173,671324,221788,1715,4475,0.2554653193,0.66659318,0.007732609519,0.02017692571,53.98
HUNTSVILLE,AL,0,0,0,0,0,0,0,0,31799750,0,31799750,MADISON,18.16815758,196966,38721,1508,2086,0.76561437,1.059066032,0.03894527517,0.0538725756,50.11
ROGERS,AR,0,1,0,0,0,0,0,0.04545454545,NA,NA,NA,BENTON,21.17969322,78115,50,245,568,0.3136401459,0.727133073,4.9,11.36,67.1
CONWAY,AR,0,0,0,0,0,0,0,0,605000,0,605000,FAULKNER,55.22535706,46192,3690,77,208,0.1666955317,0.4502944233,0.02086720867,0.05636856369,46.94
CHANDLER,AZ,1,0,0,0,1,0,0,0,0,35985712,35985712,MARICOPA,29.13188744,1509052,47177,13119,199003,0.86935374,13.18728579,0.2780804205,4.218220743,72.54
PHOENIX,AZ,1,0,0,0,1,0,0,0,126996776,35985712,162982488,MARICOPA,29.13188744,1509052,47177,13119,199003,0.86935374,13.18728579,0.2780804205,4.218220743,72.54
TUCSON,AZ,1,0,0,0,1,0,0,0,69625500,8527000,78152500,PIMA,21.91409874,531443,14666,4922,111418,0.92615765,20.96518347,0.3356061639,7.597027138,59.09
CASA GRANDE,AZ,0,0,0,0,1,0,0,0,265050,0,265050,PINAL,39.32290649,90918,2974,305,26752,0.3354671242,29.42431642,0.1025554808,8.995292535,56.98
OAKLAND,CA,1,0,1,1,1,0,0,0,164780099,32691500,197471599,ALAMEDA,19.23813629,1105379,200950,85899,129962,7.770999811,11.7572344,0.4274645434,0.6467379945,44.01
ALAMEDA,CA,1,0,0,1,1,0,0,0,15018450,32691500,47709950,ALAMEDA,19.23813629,1105379,200950,85899,129962,7.770999811,11.7572344,0.4274645434,0.6467379945,44.01
BERKELEY,CA,1,0,0,1,1,0,0,0,43409461,32691500,76100961,ALAMEDA,19.23813629,1105379,200950,85899,129962,7.770999811,11.7572344,0.4274645434,0.6467379945,44.01
FREMONT,CA,1,0,0,1,1,0,0,0,13306800,32691500,45998300,ALAMEDA,19.23813629,1105379,200950,85899,129962,7.770999811,11.7572344,0.4274645434,0.6467379945,44.01
HAYWARD,CA,1,0,0,1,1,0,0,0,14691520,32691500,47383020,ALAMEDA,19.23813629,1105379,200950,85899,129962,7.770999811,11.7572344,0.4274645434,0.6467379945,44.01
OXNARD,CA,0,0,0,1,1,0,0,0,22797300,32691500,55488800,ALAMEDA,19.23813629,1105379,200950,85899,129962,7.770999811,11.7572344,0.4274645434,0.6467379945,44.01
SAN LEANDRO,CA,0,0,0,1,1,0,0,0,9370750,32691500,42062250,ALAMEDA,19.23813629,1105379,200950,85899,129962,7.770999811,11.7572344,0.4274645434,0.6467379945,44.01
RICHMOND,CA,1,0,1,1,1,0,0,0,0,45033260,45033260,CONTRA COSTA,15.84362125,656380,59498,30563,55820,4.656296657,8.504220116,0.5136811321,0.9381827961,57.3
FRESNO,CA,1,1,0,1,1,0,0,0.02631578947,72483850,64696000,137179850,FRESNO,18.70967484,514621,24557,14777,150790,2.87143354,29.30117504,0.6017428839,6.14040803,55.84
EUREKA,CA,0,0,0,1,1,0,0,0,1165650,0,1165650,HUMBOLDT,3.201596022,108514,530,944,3736,0.8699338334,3.442873731,1.781132075,7.049056604,58.39
BAKERSFIELD,CA,0,0,0,1,1,0,0,0,15613320,63013000,78626320,KERN,9.303761482,403089,20779,7723,87026,1.915954045,21.58977298,0.371673324,4.188170749,63.93
KEENE,CA,0,0,0,1,1,0,0,0,0,63013000,63013000,KERN,9.303761482,403089,20779,7723,87026,1.915954045,21.58977298,0.371673324,4.188170749,63.93
ALHAMBRA,CA,0,0,0,1,1,0,0,0,13127000,387933676,401060676,LOS ANGELES,19.80056572,7477503,926360,434850,2066103,5.815444006,27.63092171,0.4694179369,2.230345654,55.55
ARTESIA,CA,0,0,0,1,1,0,0,0,0,387933676,387933676,LOS ANGELES,19.80056572,7477503,926360,434850,2066103,5.815444006,27.63092171,0.4694179369,2.230345654,55.55
BEVERLY HILLS,CA,0,0,0,1,1,0,0,0,0,387933676,387933676,LOS ANGELES,19.80056572,7477503,926360,434850,2066103,5.815444006,27.63092171,0.4694179369,2.230345654,55.55
BURBANK,CA,0,0,0,1,1,0,0,0,16045000,387933676,403978676,LOS ANGELES,19.80056572,7477503,926360,434850,2066103,5.815444006,27.63092171,0.4694179369,2.230345654,55.55
ENCINO,CA,0,0,0,1,1,0,0,0,0,387933676,387933676,LOS ANGELES,19.80056572,7477503,926360,434850,2066103,5.815444006,27.63092171,0.4694179369,2.230345654,55.55
GARDENA,CA,0,0,0,1,1,0,0,0,0,387933676,387933676,LOS ANGELES,19.80056572,7477503,926360,434850,2066103,5.815444006,27.63092171,0.4694179369,2.230345654,55.55
HACIENDA HEIGHTS,CA,0,0,0,1,1,0,0,0,0,387933676,387933676,LOS ANGELES,19.80056572,7477503,926360,434850,2066103,5.815444006,27.63092171,0.4694179369,2.230345654,55.55
HAWTHORNE,CA,0,0,0,1,1,0,0,0,7979000,387933676,395912676,LOS ANGELES,19.80056572,7477503,926360,434850,2066103,5.815444006,27.63092171,0.4694179369,2.230345654,55.55
LYNWOOD,CA,1,0,0,1,1,0,0,0,3664000,387933676,391597676,LOS ANGELES,19.80056572,7477503,926360,434850,2066103,5.815444006,27.63092171,0.4694179369,2.230345654,55.55
MONTEBELLO,CA,1,0,0,1,1,0,0,0,4833000,387933676,392766676,LOS ANGELES,19.80056572,7477503,926360,434850,2066103,5.815444006,27.63092171,0.4694179369,2.230345654,55.55
MONTEREY PARK,CA,0,0,0,1,1,0,0,0,7374050,387933676,395307726,LOS ANGELES,19.80056572,7477503,926360,434850,2066103,5.815444006,27.63092171,0.4694179369,2.230345654,55.55
NORTHRIDGE,CA,0,0,0,1,1,0,0,0,0,387933676,387933676,LOS ANGELES,19.80056572,7477503,926360,434850,2066103,5.815444006,27.63092171,0.4694179369,2.230345654,55.55
PASADENA,CA,0,0,0,1,1,0,0,0,33727650,387933676,421661326,LOS ANGELES,19.80056572,7477503,926360,434850,2066103,5.815444006,27.63092171,0.4694179369,2.230345654,55.55
PICO RIVERA,CA,1,0,0,1,1,0,0,0,11503000,387933676,399436676,LOS ANGELES,19.80056572,7477503,926360,434850,2066103,5.815444006,27.63092171,0.4694179369,2.230345654,55.55
POMONA,CA,0,0,0,1,1,0,0,0,19292700,387933676,407226376,LOS ANGELES,19.80056572,7477503,926360,434850,2066103,5.815444006,27.63092171,0.4694179369,2.230345654,55.55
RANCHO PALOS VERDES,CA,0,0,0,1,1,0,0,0,0,387933676,387933676,LOS ANGELES,19.80056572,7477503,926360,434850,2066103,5.815444006,27.63092171,0.4694179369,2.230345654,55.55
SAN GABRIEL,CA,0,0,0,1,1,0,0,0,0,387933676,387933676,LOS ANGELES,19.80056572,7477503,926360,434850,2066103,5.815444006,27.63092171,0.4694179369,2.230345654,55.55
WALNUT,CA,0,0,0,1,1,0,0,0,0,387933676,387933676,LOS ANGELES,19.80056572,7477503,926360,434850,2066103,5.815444006,27.63092171,0.4694179369,2.230345654,55.55
WEST COVINA,CA,0,0,0,1,1,0,0,0,8533000,387933676,396466676,LOS ANGELES,19.80056572,7477503,926360,434850,2066103,5.815444006,27.63092171,0.4694179369,2.230345654,55.55
WHITTIER,CA,0,0,0,1,1,0,0,0,8616471,387933676,396550147,LOS ANGELES,19.80056572,7477503,926360,434850,2066103,5.815444006,27.63092171,0.4694179369,2.230345654,55.55
LOS ANGELES,CA,1,0,1,1,1,1,0,0,757487686,387933676,1145421362,LOS ANGELES,19.80056572,7477503,926360,434850,2066103,5.815444006,27.63092171,0.4694179369,2.230345654,55.55
LARKSPUR,CA,0,0,0,1,1,0,0,0,0,24627760,24627760,MARIN,6.877466679,222568,5375,5426,9204,2.437906617,4.135365371,1.009488372,1.712372093,55.88
SAN RAFAEL,CA,0,0,0,1,1,0,0,0,0,24627761,24627761,MARIN,6.877466679,222568,5375,5426,9204,2.437906617,4.135365371,1.009488372,1.712372093,55.88
NAPA,CA,1,0,0,1,1,0,0,0,13531000,0,13531000,NAPA,10.94141769,99199,866,2095,8636,2.111916451,8.705732921,2.419168591,9.972286374,61.33
GARDEN GROVE,CA,0,0,0,1,1,0,0,0,16865700,60841460,77707160,ORANGE,3.746433496,1932709,24411,86893,286339,4.495917388,14.81542229,3.559583794,11.72991684,74.99
IRVINE,CA,0,0,0,1,1,0,0,0,2156000,60841460,62997460,ORANGE,3.746433496,1932709,24411,86893,286339,4.495917388,14.81542229,3.559583794,11.72991684,74.99
NEWPORT BEACH,CA,0,0,0,1,1,0,0,0,5380000,60841460,66221460,ORANGE,3.746433496,1932709,24411,86893,286339,4.495917388,14.81542229,3.559583794,11.72991684,74.99
SANTA ANA,CA,0,0,0,1,1,0,0,0,40504770,60841460,101346230,ORANGE,3.746433496,1932709,24411,86893,286339,4.495917388,14.81542229,3.559583794,11.72991684,74.99
INDIO,CA,0,0,0,1,1,0,0,0,0,75396400,75396400,RIVERSIDE,16.41150665,663166,30088,9210,124417,1.38879255,18.76106435,0.3061021005,4.135103696,65.52
MURRIETA,CA,0,0,0,1,1,0,0,0,0,75396400,75396400,RIVERSIDE,16.41150665,663166,30088,9210,124417,1.38879255,18.76106435,0.3061021005,4.135103696,65.52
RIVERSIDE,CA,1,0,0,1,1,0,0,0,31148247,75396400,106544647,RIVERSIDE,16.41150665,663166,30088,9210,124417,1.38879255,18.76106435,0.3061021005,4.135103696,65.52
WINCHESTER,CA,0,0,0,1,1,0,0,0,0,75396400,75396400,RIVERSIDE,16.41150665,663166,30088,9210,124417,1.38879255,18.76106435,0.3061021005,4.135103696,65.52
SACRAMENTO,CA,1,0,0,1,1,0,0,0,59677289,61311113,120988402,SACRAMENTO,38.2382431,783381,57883,39156,74141,4.998334144,9.464232602,0.6764680476,1.280876941,54.17
COLTON,CA,0,0,0,1,1,0,0,0.01960784314,0,93557498,93557498,SAN BERNARDINO,10.64819241,895016,46615,14929,165863,1.668014873,18.53184748,0.3202617183,3.558146519,65.33
FONTANA,CA,0,0,0,1,1,0,0,0.01960784314,0,93557498,93557498,SAN BERNARDINO,10.64819241,895017,46616,14930,165864,1.66812474,18.5319385,0.3202763,3.558091642,65.33
SAN BERNARDINO,CA,1,1,0,1,1,0,0,0.01960784314,33596800,93557498,127154298,SAN BERNARDINO,10.64819241,895018,46617,14931,165865,1.668234605,18.53202952,0.320290881,3.558036768,65.33
CARLSBAD,CA,0,0,0,1,1,0,0,0,0,75375500,75375500,SAN DIEGO,10.83752537,1861846,102165,89861,275177,4.826446441,14.77979382,0.8795673665,2.693456663,69.05
CHULA VISTA,CA,1,0,0,1,1,0,0,0,11893541,75375500,87269041,SAN DIEGO,10.83752537,1861846,102165,89861,275177,4.826446441,14.77979382,0.8795673665,2.693456663,69.05
SAN DIEGO,CA,1,0,0,1,1,0,0,0,151756850,75375500,227132350,SAN DIEGO,10.83752537,1861846,102165,89861,275177,4.826446441,14.77979382,0.8795673665,2.693456663,69.05
SAN FRANCISCO,CA,1,0,1,1,1,1,1,0,336752755,0,336752755,SAN FRANCISCO,33.98111725,678974,84857,147426,83373,21.71305529,12.27926253,1.737346359,0.9825117551,37.81
STOCKTON,CA,0,0,0,1,1,0,0,0,35857452,7454673,43312125,SAN JOAQUIN,11.90849686,347342,18444,19888,66565,5.725768839,19.16410915,1.078291043,3.609032748,60.9
BURLINGAME,CA,0,0,0,1,1,0,0,0,0,42537600,42537600,SAN MATEO,9.29901123,587329,34730,56305,73339,9.586620106,12.48686852,1.621220847,2.111690181,57.15
DALY CITY,CA,0,0,0,1,1,0,0,0,10402000,42537600,52939600,SAN MATEO,9.29901123,587329,34730,56305,73339,9.586620106,12.48686852,1.621220847,2.111690181,57.15
SAN MATEO,CA,1,0,0,1,1,0,0,0,9596180,42537600,52133780,SAN MATEO,9.29901123,587329,34730,56305,73339,9.586620106,12.48686852,1.621220847,2.111690181,57.15
SANTA BARBARA,CA,1,0,0,1,1,0,0,0,13513450,442500,13955950,SANTA BARBARA,7.136254787,298694,7554,8344,55356,2.793494345,18.53267893,1.104580355,7.328038125,63.14
CUPERTINO,CA,0,0,0,1,1,0,0,0,0,41398600,41398600,SANTA CLARA,15.97327805,1295071,42237,99935,226611,7.716565347,17.49795957,2.36605346,5.365224803,57.83
SAN JOSE,CA,1,0,0,1,1,1,0,0,89388900,41398600,130787500,SANTA CLARA,15.97327805,1295071,42237,99935,226611,7.716565347,17.49795957,2.36605346,5.365224803,57.83
SANTA CLARA,CA,1,0,0,1,1,0,0,0,11324800,41398600,52723400,SANTA CLARA,15.97327805,1295071,42237,99935,226611,7.716565347,17.49795957,2.36605346,5.365224803,57.83
SUNNYVALE,CA,0,0,0,1,1,0,0,0,11475011,41398600,52873611,SANTA CLARA,15.97327805,1295071,42237,99935,226611,7.716565347,17.49795957,2.36605346,5.365224803,57.83
WINDSOR,CA,1,0,0,1,1,0,0,0,NA,NA,NA,SONOMA,3.846538067,235203,27372,17377,24773,7.388086036,10.53260375,0.6348458279,0.9050489551,57.11
MODESTO,CA,0,0,0,1,1,0,0,0,13343000,0,13343000,STANISLAUS,14.14081097,265900,3035,4106,39889,1.544189545,15.00150432,1.352883031,13.14299835,55.26
RED BLUFF,CA,0,0,0,1,1,0,0,0,NA,NA,NA,TEHAMA,0,38888,58,191,2127,0.4911540835,5.46955359,3.293103448,36.67241379,65.42
LAKE MARY,CO,0,0,0,1,1,0,0,0,0,3304000,3304000,ADAMS,10.1336174,245944,6162,3120,38470,1.268581466,15.64177211,0.5063291139,6.243102889,57.78
AURORA,CO,1,1,0,1,1,0,0,0.07692307692,12797100,0,12797100,ARAPAHOE,2.098637342,293621,8318,4410,12491,1.501936169,4.254123513,0.530175523,1.501683097,72.53
GREENWOOD VILLAGE,CO,0,0,0,1,1,0,0,0.07692307692,NA,NA,NA,ARAPAHOE,2.098637342,293621,8318,4410,12491,1.501936169,4.254123513,0.530175523,1.501683097,72.53
LONGMONT,CO,0,0,0,1,1,0,0,0,4982000,0,4982000,BOULDER,37.19229889,189625,1708,2191,10293,1.155438365,5.42808174,1.282786885,6.026346604,58.88
LOUISVILLE,CO,0,0,0,1,1,0,0,0,NA,NA,NA,BOULDER,37.19229889,189625,1708,2191,10293,1.155438365,5.42808174,1.282786885,6.026346604,58.88
DENVER,CO,1,0,0,1,1,1,0,0,168406969,0,168406969,DENVER,32.44313049,492365,58408,7025,92348,1.426787038,18.75600418,0.1202746199,1.581084783,50.72
COLORADO SPRINGS,CO,0,0,0,1,1,0,0,0,32679650,0,32679650,EL PASO,8.059762001,309424,18651,5066,24994,1.637235638,8.077589327,0.2716208246,1.340089003,70.68
MONTROSE,CO,0,0,0,1,1,0,0,0,0,650000,650000,MONTROSE,0,24352,38,32,2323,0.1314060447,9.539257556,0.8421052632,61.13157895,74.97
PUEBLO,CO,0,0,0,1,1,0,0,0,21091040,1300000,22391040,PUEBLO,23.39406776,125972,2135,481,41631,0.3818308831,33.04782015,0.22529274,19.49929742,48.71
DANBURY,CT,0,1,0,1,1,0,0,0.04347826087,10524000,0,10524000,FAIRFIELD,8.576433182,807143,64334,6006,45112,0.744106063,5.589096356,0.09335654553,0.7012155314,61.95
SHELTON,CT,0,0,0,1,1,0,0,0.04347826087,NA,NA,NA,FAIRFIELD,8.576433182,807143,64334,6006,45112,0.744106063,5.589096356,0.09335654553,0.7012155314,61.95
HARTFORD,CT,1,0,1,1,1,0,0,0,117371604,0,117371604,HARTFORD,11.26089954,807766,65144,4676,41406,0.5788805174,5.125989457,0.07177944247,0.63560727,47.72
WATERBURY,CT,0,0,0,1,1,0,0,0,49029220,0,49029220,NEW HAVEN,23.04092979,761337,66484,4218,27313,0.5540253528,3.587504614,0.06344383611,0.4108206486,56.36
NEW HAVEN,CT,1,0,1,1,1,1,0,0,156456528,0,156456528,NEW HAVEN,23.04092979,761337,66484,4218,27313,0.5540253528,3.587504614,0.06344383611,0.4108206486,56.36
NEW LONDON,CT,0,0,0,1,1,0,0,0,33932350,0,33932350,NEW LONDON,12.2979393,238409,8721,2134,4668,0.8951004366,1.957979774,0.2446967091,0.5352597179,56.31
WASHINGTON DC,DC,1,0,0,1,0,0,0,0,360788430,0,360788430,DISTRICT OF COLUMBIA,67.62281036,638333,445154,6636,17679,1.039582788,2.769557582,0.01490720065,0.03971434605,15.22
PALM BAY,FL,0,0,0,0,1,0,0,0,451400,3098000,3549400,BREVARD,6.014039993,272959,23518,1739,5336,0.6370920175,1.954872343,0.07394336253,0.2268900417,64.04
HOLLYWOOD,FL,0,0,0,0,1,0,0,0,17593567,76831593,94425160,BROWARD,19.07982635,1018200,111258,4933,40315,0.48448242,3.959438224,0.04433838466,0.3623559654,61.09
WESTON,FL,0,0,0,0,1,0,0,0,0,76831593,76831593,BROWARD,19.07982635,1018200,111258,4933,40315,0.48448242,3.959438224,0.04433838466,0.3623559654,61.09
TAMPA,FL,1,0,0,0,1,0,0,0,87165450,48538200,135703650,HILLSBOROUGH,28.54716492,646960,64199,3833,64199,0.5924632126,9.923179176,0.05970497983,1,54.6
FORT MYERS,FL,0,0,0,0,1,0,0,0,8392000,0,8392000,LEE,14.28767967,205266,16084,586,5718,0.2854832266,2.785653737,0.03643372295,0.35550858,68.45
CORAL GABLES,FL,0,0,0,0,1,1,0,0,NA,NA,NA,MIAMI-DADE,24.76857948,1625781,269670,12264,580994,0.7543451424,35.73630151,0.04547780621,2.154462862,55.77
MIAMI,FL,1,0,0,0,1,1,0,0,161135960,0,161135960,MIAMI-DADE,24.76857948,1625781,269670,12264,580994,0.7543451424,35.73630151,0.04547780621,2.154462862,55.77
NORTH MIAMI,FL,0,0,0,0,1,1,0,0,NA,NA,NA,MIAMI-DADE,24.76857948,1625781,269670,12264,580994,0.7543451424,35.73630151,0.04547780621,2.154462862,55.77
ORLANDO,FL,0,0,0,0,1,0,0,0,25895905,47864623,73760528,ORANGE,7.972498417,471016,68608,3712,19726,0.788083632,4.187968137,0.05410447761,0.2875174907,64.2
BOCA RATON,FL,0,0,0,0,1,0,0,0,4998772,59101012,64099784,PALM BEACH,7.106262207,576863,76273,2148,28505,0.372358775,4.941381229,0.02816199704,0.3737233359,60.96
LAKE WORTH,FL,1,0,0,0,1,0,0,0,0,59101012,59101012,PALM BEACH,7.106262207,576863,76273,2148,28505,0.372358775,4.941381229,0.02816199704,0.3737233359,60.96
WEST PALM BEACH,FL,1,0,0,0,1,0,0,0,13750617,59101012,72851629,PALM BEACH,7.106262207,576863,76273,2148,28505,0.372358775,4.941381229,0.02816199704,0.3737233359,60.96
LAKELAND,FL,0,0,0,0,1,0,0,0,0,38215800,38215800,POLK,0,321652,47870,1054,9643,0.3276833348,2.997960529,0.02201796532,0.2014414038,57.93
VENICE,FL,0,0,0,0,1,0,0,0,NA,NA,NA,SARASOTA,6.96526432,202251,10352,704,2989,0.3480823333,1.477866611,0.06800618238,0.288736476,72.65
CASSELBERRY,FL,0,0,0,0,1,0,0,0,0,3416000,3416000,SEMINOLE,4.052762985,179752,17867,1294,5157,0.7198807246,2.868952779,0.07242402194,0.2886326748,69.63
ATHENS,GA,0,0,0,0,0,0,0,0,16456519,0,16456519,CLARKE,27.5533638,74498,17356,720,955,0.9664688985,1.281913608,0.04148421295,0.05502419912,43.49
SMYRNA,GA,0,0,0,0,0,0,0,0,0,12249390,12249390,COBB,2.155015945,297718,12947,1666,2840,0.5595899475,0.9539228397,0.1286784583,0.2193558353,57.03
DORAVILLE,GA,0,0,0,0,0,0,0,0,0,43127188,43127188,DEKALB,3.383299828,483024,129933,4633,7470,0.9591655901,1.546507006,0.03565683852,0.05749116853,47.51
ALPHARETTA,GA,0,0,0,0,0,0,0,0,0,12560000,12560000,FULTON,51.11833954,589904,300952,2926,7574,0.4960129106,1.283937725,0.009722480661,0.02516680401,35.34
ATLANTA,GA,0,0,0,0,0,1,0,0,197529730,12560000,210089730,FULTON,51.11833954,589905,300953,2927,7575,0.4961815886,1.284105068,0.009725771134,0.02517004316,35.34
EAST POINT,GA,0,0,0,0,0,0,0,0,0,12560000,12560000,FULTON,51.11833954,589906,300954,2928,7576,0.496350266,1.28427241,0.009729061584,0.0251732823,35.34
DULUTH,GA,0,0,0,0,0,0,0,0,0,2519000,2519000,GWINNETT,0,166903,4070,942,1426,0.5643996813,0.8543884771,0.2314496314,0.3503685504,55.32
LAWRENCEVILLE,GA,0,0,0,0,0,0,0,0,0,2519000,2519000,GWINNETT,0,166903,4070,942,1426,0.5643996813,0.8543884771,0.2314496314,0.3503685504,55.32
NORCROSS,GA,0,0,0,0,0,0,0,0,0,2519000,2519000,GWINNETT,0,166903,4070,942,1426,0.5643996813,0.8543884771,0.2314496314,0.3503685504,55.32
AUGUSTA,GA,0,0,0,0,0,0,0,0,40150594,0,40150594,RICHMOND,5.957541466,181629,67253,2293,3638,1.262463593,2.002984105,0.0340951333,0.05409424115,44.87
HONOLULU,HI,0,0,0,1,1,0,0,0,160722000,0,160722000,HONOLULU,13.90774059,762565,16200,451249,54561,59.17515228,7.154931055,27.85487654,3.367962963,50.8
DES MOINES,IA,0,0,0,0,0,0,0,0,73819402,0,73819402,POLK,13.77893353,303170,13570,2204,4579,0.72698486,1.510373718,0.1624170965,0.3374355195,50.86
COUNCIL BLUFFS,IA,0,0,0,0,0,0,0,0,13023000,0,13023000,POTTAWATTAMIE,0.030424904,86561,438,227,1207,0.2622428114,1.394392394,0.5182648402,2.755707763,65.38
CHICAGO,IL,1,0,0,1,1,1,0,0,1346723253,166564410,1513287663,COOK,20.46121788,5253655,1336070,111602,499322,2.124273482,9.50427845,0.08353005456,0.3737244306,43.24
EVANSTON,IL,1,0,0,1,1,0,0,0,20894000,166564410,187458410,COOK,20.46121788,5253655,1336070,111602,499322,2.124273482,9.50427845,0.08353005456,0.3737244306,43.24
MT PROSPECT,IL,0,0,0,1,1,0,0,0,3260000,166564410,169824410,COOK,20.46121788,5253655,1336070,111602,499322,2.124273482,9.50427845,0.08353005456,0.3737244306,43.24
NORRIDGE,IL,0,0,0,1,1,0,0,0,0,166564410,166564410,COOK,20.46121788,5253655,1336070,111602,499322,2.124273482,9.50427845,0.08353005456,0.3737244306,43.24
OAK PARK,IL,0,0,0,1,1,0,0,0,19032700,166564410,185597110,COOK,20.46121788,5253655,1336070,111602,499322,2.124273482,9.50427845,0.08353005456,0.3737244306,43.24
ELGIN,IL,0,0,0,1,1,0,0,0,9024000,0,9024000,KANE,2.52431345,278405,13435,1694,26118,0.6084660836,9.381297031,0.1260885746,1.944026796,68.84
HIGHLAND PARK,IL,0,0,0,1,1,0,0,0,0,35528720,35528720,LAKE,5.502105713,440372,27842,6020,21064,1.36702606,4.783228725,0.2162200991,0.7565548452,66.62
WAUKEGAN,IL,0,0,0,1,1,0,0,0,11719000,35528721,47247721,LAKE,5.502105713,440372,27842,6020,21064,1.36702606,4.783228725,0.2162200991,0.7565548452,66.62
SPRINGFIELD,IL,0,0,0,1,1,0,0,0,36603430,0,36603430,SANGAMON,11.6203928,176089,11321,972,1008,0.5519935941,0.5724378013,0.08585813974,0.08903807084,62.71
JOLIET,IL,0,0,0,1,1,0,0,0,16554147,10546000,27100147,WILL,4.358337402,324460,31227,2816,13778,0.8679035937,4.246440239,0.09017837128,0.4412207385,62.28
ROCKFORD,IL,0,0,0,1,1,0,0,0,32464285,162000,32626285,WINNEBAGO,3.136624813,250884,20830,1222,5399,0.4870776933,2.151990561,0.05866538646,0.259193471,60.12
FORT WAYNE,IN,0,0,0,0,0,0,0,0,41015173,0,41015173,ALLEN,7.526277065,294335,26133,1286,4743,0.4369171182,1.611429154,0.04920981135,0.1814946619,64.47
JEFFERSONVILLE,IN,0,0,0,0,0,0,0,0,408550,384300,792850,CLARK,8.093961716,88838,4296,301,435,0.3388189739,0.4896553277,0.07006517691,0.1012569832,52.31
ELKHART,IN,0,0,0,0,0,0,0,0,10132836,6500,10139336,ELKHART,0,137330,5730,491,1719,0.3575329498,1.251729411,0.08568935428,0.3,66.9
BATESVILLE,IN,0,0,0,0,0,0,0,0,NA,NA,NA,FRANKLIN,0,19612,2,19,108,0.09687946155,0.5506832551,9.5,54,61.62
CARMEL,IN,0,0,0,0,0,0,0,0,467800,0,467800,HAMILTON,0,82027,358,410,432,0.49983542,0.5266558572,1.145251397,1.206703911,78.84
FISHERS,IN,0,0,0,0,0,0,0,0,NA,NA,NA,HAMILTON,0,82027,358,410,432,0.49983542,0.5266558572,1.145251397,1.206703911,78.84
INDIANAPOLIS,IN,0,0,0,0,0,0,0,0,170145138,0,170145138,MARION,12.93905544,765233,154398,4260,6818,0.5566931902,0.8909704626,0.02759103097,0.04415860309,57.22
ROCKVILLE,IN,0,0,0,0,0,0,0,0,216025,0,216025,MONTGOMERY,0,35501,148,46,129,0.1295738148,0.3633700459,0.3108108108,0.8716216216,70.5
LAFAYETTE,IN,0,0,0,0,0,0,0,0,9276668,0,9276668,TIPPECANOE,5.227661133,121702,2026,1703,1385,1.39931965,1.138025669,0.8405725568,0.6836130306,65.34
WICHITA,KS,0,0,0,0,1,0,0,0,78503288,11844,78515132,SEDGWICK,11.90261555,366531,31502,4393,11256,1.198534367,3.070954435,0.1394514634,0.3573106469,57.75
LOUISVILLE,KY,0,0,0,0,0,0,0,0,159807065,47207658,207014723,JEFFERSON,22.92289162,685004,109076,2877,4341,0.4199975475,0.6337189272,0.02637610473,0.03979793905,50.28
LEXINGTON,KY,0,0,0,0,0,0,0,0,0,39654100,39654100,LEXINGTON,NA,NA,NA,NA,NA,#VALUE!,#VALUE!,#VALUE!,#VALUE!,NA
SHELBYVILLE,KY,0,0,0,0,0,0,0,0,908000,0,908000,SHELBY,1.152598262,23328,2597,9,135,0.03858024691,0.5787037037,0.003465537158,0.05198305737,43.59
BATON ROUGE,LA,0,0,0,0,0,0,0,0,69573994,0,69573994,EAST BATON ROUGE PARISH,30.98599434,366191,113746,2422,6306,0.6614034752,1.722052153,0.02129305646,0.05543931215,55.3
NEW ORLEANS,LA,1,0,0,0,0,0,0,0,272411130,0,272411130,ORLEANS PARISH,18.22001266,557515,304673,7332,19226,1.315121566,3.44851708,0.02406514525,0.06310372104,41.01
PINEVILLE,LA,0,0,0,0,0,0,0,0,NA,NA,NA,RAPIDES PARISH,37.63149643,135282,36031,554,1629,0.4095149392,1.204151328,0.01537564875,0.04521106825,56.82
LAWRENCE,MA,0,0,0,0,0,0,0,0,41395240,0,41395240,ESSEX,4.915796757,633632,5925,2377,16923,0.3751388819,2.670793142,0.4011814346,2.856202532,52.86
FLORENCE,MA,0,0,0,0,0,0,0,0,NA,NA,NA,HAMPSHIRE,12.34328938,138813,1959,1133,1733,0.8162059749,1.248442149,0.5783563042,0.8846350179,43.34
FRAMINGHAM,MA,0,0,0,0,0,0,0,0,NA,NA,NA,MIDDLESEX,5.465107918,1367034,24512,16035,23537,1.172977409,1.721756738,0.6541693864,0.960223564,48.7
LOWELL,MA,0,0,0,0,0,0,0,0,48247200,0,48247200,MIDDLESEX,5.465107918,1367034,24512,16035,23537,1.172977409,1.721756738,0.6541693864,0.960223564,48.7
SOMERVILLE,MA,1,0,0,0,0,0,0,0,43304300,0,43304300,MIDDLESEX,5.465107918,1367034,24512,16035,23537,1.172977409,1.721756738,0.6541693864,0.960223564,48.7
CANTON,MA,0,0,0,0,0,0,0,0,0,122222040,122222040,NORFOLK,0.601716518,606587,5829,6001,4617,0.9893057385,0.7611439085,1.029507634,0.7920741122,53.73
QUINCY,MA,0,0,0,0,0,0,0,0,30492600,122222040,152714640,NORFOLK,0.601716518,606587,5829,6001,4617,0.9893057385,0.7611439085,1.029507634,0.7920741122,53.73
BOSTON,MA,1,0,0,0,0,1,0,0,402170998,0,402170998,SUFFOLK,50.99580002,650142,122913,15501,40061,2.384248364,6.161884634,0.1261135925,0.3259297226,39.25
CHELSEA,MA,0,0,0,0,0,1,0,0,NA,NA,NA,SUFFOLK,50.99580002,650142,122913,15501,40061,2.384248364,6.161884634,0.1261135925,0.3259297226,39.25
DORCHESTER,MA,0,0,0,0,0,1,0,0,NA,NA,NA,SUFFOLK,50.99580002,650142,122913,15501,40061,2.384248364,6.161884634,0.1261135925,0.3259297226,39.25
JAMAICA PLAIN,MA,0,0,0,0,0,1,0,0,NA,NA,NA,SUFFOLK,50.99580002,650142,122913,15501,40061,2.384248364,6.161884634,0.1261135925,0.3259297226,39.25
ROXBURY,MA,0,0,0,0,0,1,0,0,NA,NA,NA,SUFFOLK,50.99580002,650142,122913,15501,40061,2.384248364,6.161884634,0.1261135925,0.3259297226,39.25
WORCESTER,MA,1,0,0,0,0,0,0,0,79998320,0,79998320,WORCESTER,6.648177624,646352,8419,2840,14217,0.4393890635,2.199575464,0.3373322247,1.688680366,50.58
BALTIMORE,MD,1,0,0,1,1,1,0,0,484673716,0,484673716,BALTIMORE,1.844319105,655615,53598,8524,5394,1.300153291,0.822738955,0.1590357849,0.1006380835,52.21
BEL AIR,MD,0,0,0,1,1,0,0,0,NA,NA,NA,HARFORD,5.067304134,145930,12058,1307,1751,0.8956348934,1.199890358,0.1083927683,0.1452147952,57.13
CLARKSVILLE,MD,0,0,0,1,1,0,0,0,NA,NA,NA,HOWARD,13.68166161,118572,13741,2285,1484,1.927099147,1.251560233,0.166290663,0.1079979623,53.97
ELLICOTT CITY,MD,0,0,0,1,1,0,0,0,NA,NA,NA,HOWARD,13.68166161,118572,13741,2285,1484,1.927099147,1.251560233,0.166290663,0.1079979623,53.97
GERMANTOWN,MD,0,0,0,1,1,0,0,0,0,51007955,51007955,MONTGOMERY,4.124860764,579053,49837,22790,22790,3.935736452,3.935736452,0.4572907679,0.4572907679,54.26
MONTGOMERY VILLAGE,MD,1,0,0,1,1,0,0,0,0,51007955,51007955,MONTGOMERY,4.124860764,579053,49837,22790,22790,3.935736452,3.935736452,0.4572907679,0.4572907679,54.26
POTOMAC,MD,0,0,0,1,1,0,0,0,0,51007955,0,MONTGOMERY,4.124860764,579053,49837,22790,22790,3.935736452,3.935736452,0.4572907679,0.4572907679,54.26
SILVER SPRING,MD,0,0,0,1,1,0,0,0,0,51007955,0,MONTGOMERY,4.124860764,579053,49837,22790,22790,3.935736452,3.935736452,0.4572907679,0.4572907679,54.26
TAKOMA PARK,MD,1,0,0,1,1,0,1,0,0,51007955,0,MONTGOMERY,4.124860764,579053,49837,22790,22790,3.935736452,3.935736452,0.4572907679,0.4572907679,54.26
HAGERSTOWN,MD,0,0,0,1,1,0,0,0,6716800,500,6717300,WASHINGTON,7.925755501,113086,4718,426,665,0.376704455,0.5880480342,0.09029249682,0.1409495549,61.86
UNIVERSITY CENTER,MI,0,0,0,0,1,0,0,0,NA,NA,NA,BAY,7.398303986,119881,1011,289,3162,0.2410723968,2.637615636,0.2858555885,3.127596439,50.82
FLINT,MI,0,0,0,0,1,0,0,0,113909431,35597976,149507407,GENESEE,4.00540781,450449,78200,1936,7649,0.4297933839,1.698083468,0.02475703325,0.09781329923,46.5
LANSING,MI,1,0,0,0,1,0,0,0,57651418,0,57651418,INGHAM,18.36313438,275520,21004,2766,10559,1.003919861,3.832389663,0.1316892021,0.5027137688,54.05
KALAMAZOO,MI,0,0,0,0,1,0,0,0,23151133,0,23151133,KALAMAZOO,6.9290452,212378,15712,1417,2605,0.6672065845,1.226586558,0.09018584521,0.1657968432,58.5
GRAND RAPIDS,MI,0,0,0,0,1,0,0,0,62360397,0,62360397,KENT,7.873134136,444506,31068,2382,8741,0.5358757812,1.966452646,0.07667052916,0.2813505858,60.74
MUSKEGON,MI,0,0,0,0,1,0,0,0,25266071,0,25266071,MUSKEGON,7.86705637,157589,19039,395,2833,0.2506520125,1.797714307,0.02074688797,0.1487998319,57.81
FRANKLIN,MI,0,0,0,0,1,0,0,0,0,52357179,52357179,OAKLAND,7.532813072,1011793,47629,11720,14478,1.1583397,1.4309251,0.2460685717,0.3039744693,60.57
HOLLAND,MI,0,0,0,0,1,0,0,0,1388000,0,1388000,OTTAWA,0.929338872,157174,627,689,5006,0.438367669,3.185005154,1.098883573,7.984051037,73.53
PORT HURON,MI,0,0,0,0,1,0,0,0,10141926,0,10141926,ST. CLAIR,3.605597973,138802,2761,302,2066,0.2175761156,1.488451175,0.1093806592,0.7482796088,60.32
CANTON,MI,0,0,0,0,1,0,0,0,0,54917700,54917700,WAYNE,18.53585815,2337891,824892,15177,46318,0.6491748332,1.981187318,0.0183987722,0.0561503809,37.67
DETROIT,MI,1,0,0,0,1,0,0,0,766401861,54917701,821319562,WAYNE,18.53585815,2337891,824892,15177,46318,0.6491748332,1.981187318,0.0183987722,0.0561503809,37.67
WESTLAND,MI,0,0,0,0,1,0,0,0,13458000,54917702,68375702,WAYNE,18.53585815,2337891,824892,15177,46318,0.6491748332,1.981187318,0.0183987722,0.0561503809,37.67
RED WING,MN,0,0,0,0,1,0,0,0,NA,NA,NA,GOODHUE,9.114064217,38749,44,151,127,0.3896874758,0.3277503936,3.431818182,2.886363636,52.13
MINNEAPOLIS,MN,1,0,0,0,1,0,0,0,266998503,41058830,308057333,HENNEPIN,7.384946823,941411,32522,9839,8027,1.045133316,0.8526562787,0.3025336695,0.2468175389,44.86
ST PAUL,MN,1,0,0,0,1,0,0,0,205691235,2200000,207891235,RAMSEY,12.2808876,459784,14494,5402,9310,1.174899518,2.024863849,0.3727059473,0.6423347592,38.73
COLUMBIA,MO,0,0,0,0,0,0,0,0,NA,NA,NA,BOONE,107.7335358,100376,6377,1090,973,1.085916952,0.9693552244,0.1709267681,0.1525795829,46.82
KANSAS CITY,MO,0,0,1,0,0,1,0,0,193610299,0,193610299,JACKSON,15.01560211,629266,125077,4476,16492,0.7113049172,2.620831254,0.03578595585,0.1318547775,43.87
ST. LOUIS,MO,0,0,0,0,0,0,0,0,425977519,90724800,516702319,ST. LOUIS,1.401293993,453085,204970,1696,5531,0.3743226988,1.220742245,0.008274381617,0.02698443675,57.75
MONTANA,MT,0,0,0,0,0,0,0,0,0,6095,6095,MISSOULA,17.58497238,76016,302,138,644,0.1815407283,0.8471900652,0.4569536424,2.132450331,55.2
CONCORD,NC,0,0,0,0,0,0,0,0,1979000,0,1979000,CABARRUS,3.467273951,85895,12116,148,485,0.1723033937,0.5646428779,0.01221525256,0.04002971278,60.79
PITTSBORO,NC,0,0,0,0,0,0,0,0,0,402200,402200,CHATHAM,0,33415,8908,35,266,0.1047433787,0.7960496783,0.003929052537,0.02986079928,43.11
SILER CITY,NC,0,0,0,0,0,0,0,0,156600,402200,558800,CHATHAM,0,33415,8908,35,266,0.1047433787,0.7960496783,0.003929052537,0.02986079928,43.11
DURHAM,NC,1,0,0,0,0,0,0,0,29615250,0,29615250,DURHAM,59.87952042,152785,55017,979,1279,0.6407697091,0.8371240632,0.01779449988,0.02324735991,43.57
WINSTON-SALEM,NC,0,0,0,0,0,0,0,0,44228850,0,44228850,FORSYTH,17.94808769,243683,58938,660,1575,0.2708436781,0.6463315045,0.01119820829,0.02672299705,52.17
GREENSBORO,NC,0,0,1,0,0,0,0,0,28467480,0,28467480,GUILFORD,14.85011768,317154,78674,1107,2404,0.3490417904,0.7579913859,0.01407072222,0.03055647355,54.49
HIGH POINT,NC,0,0,0,0,0,0,0,0,25511070,0,25511070,GUILFORD,14.85011768,317154,78674,1107,2404,0.3490417904,0.7579913859,0.01407072222,0.03055647355,54.49
HENDERSONVILLE,NC,0,0,0,0,0,0,0,0,NA,NA,NA,HENDERSON,17.77026939,58580,2107,72,344,0.1229088426,0.5872311369,0.03417180826,0.1632653061,64.17
SANFORD,NC,0,0,0,0,0,0,0,0,NA,NA,NA,LEE,0,36718,8018,61,300,0.1661310529,0.817037965,0.007607882265,0.03741581442,47.18
LINCOLNTON,NC,0,0,0,0,0,0,0,0,NA,NA,NA,LINCOLN,3.04803133,42372,3793,63,306,0.1486830926,0.7221750212,0.0166095439,0.0806749275,53.61
CHARLOTTE,NC,0,0,0,0,0,0,0,0,84381396,0,84381396,MECKLENBURG,17.83949661,404270,105892,2804,3962,0.6935958642,0.9800380934,0.02647980962,0.03741547992,50.51
LENOIR,NC,0,0,0,0,0,0,0,0,540000,0,540000,MECKLENBURG,17.83949661,404270,105892,2804,3962,0.6935958642,0.9800380934,0.02647980962,0.03741547992,50.51
CARRBORO,NC,1,0,0,0,0,0,0,0,NA,NA,NA,ORANGE,38.77223587,77055,13194,735,683,0.953864123,0.8863798585,0.05570713961,0.05176595422,37.82
ASHEBORO,NC,0,0,0,0,0,0,0,0,341100,0,341100,RANDOLPH,2.103821516,91728,5700,139,488,0.151534973,0.5320076749,0.02438596491,0.08561403509,66.3
REIDSVILLE,NC,0,0,0,0,0,0,0,0,NA,NA,NA,ROCKINGHAM,2.443063498,83426,17014,49,639,0.05873468703,0.7659482655,0.002879981192,0.03755730575,48.9
MORRISVILLE,NC,0,0,0,0,0,0,0,0,NA,NA,NA,WAKE,26.06993866,301327,65053,2315,2385,0.7682683596,0.7914989364,0.03558636804,0.03666241372,50.39
OMAHA,NE,1,0,0,0,1,0,0,0,70848522,0,70848522,DOUGLAS,10.74214935,397038,39526,2211,8236,0.5568736494,2.074360641,0.05593786368,0.2083691747,65.22
LINCOLN,NE,0,0,0,0,1,0,0,0,29616040,142200,29758240,LANCASTER,9.784295082,192884,3472,1723,2879,0.8932830095,1.492606955,0.4962557604,0.8292050691,58.81
PLEASANTVILLE,NJ,0,0,0,0,1,0,0,0,85000,0,85000,ATLANTIC,32.10228348,194119,33637,958,7590,0.4935117119,3.909972749,0.02848054226,0.2256443797,54.83
TEANECK,NJ,0,0,0,0,1,0,0,0,NA,NA,NA,BERGEN,3.144327164,845385,32282,19723,28514,2.333019867,3.372901104,0.6109596679,0.8832786073,62.46
CAMDEN,NJ,1,0,0,0,1,0,0,0,70437959,23295200,93733159,CAMDEN,4.204234123,471650,66497,5036,20626,1.06774091,4.373158062,0.07573273982,0.3101794066,52.35
PENNSAUKEN TOWNSHIP,NJ,0,0,0,0,1,0,0,0,0,23295200,23295200,CAMDEN,4.204234123,471650,66497,5036,20626,1.06774091,4.373158062,0.07573273982,0.3101794066,52.35
NEWARK,NJ,1,0,1,0,1,0,0,0,240774463,53806750,294581213,ESSEX,24.14906693,851116,312188,11019,76584,1.294653138,8.998068418,0.03529603957,0.2453137212,44.66
CEDAR GROVE,NJ,0,0,0,0,1,0,0,0,0,53806750,53806750,ESSEX,24.14906693,851116,312188,11019,76584,1.294653138,8.998068418,0.03529603957,0.2453137212,44.66
LIVINGSTON,NJ,0,0,0,0,1,0,0,0,0,53806750,53806750,ESSEX,24.14906693,851116,312188,11019,76584,1.294653138,8.998068418,0.03529603957,0.2453137212,44.66
UNION CITY,NJ,1,0,0,0,1,0,0,0,18550160,57993000,76543160,HUDSON,13.62757778,556972,66368,15213,145163,2.731376084,26.06289006,0.2292219142,2.187243852,48.82
HAMILTON,NJ,0,0,1,0,1,0,0,0.07692307692,8319000,164700,8483700,MERCER,65.06568146,307863,54876,3795,10580,1.232691165,3.43659355,0.06915591515,0.1927983089,46.75
TRENTON,NJ,1,1,1,0,1,0,0,0.07692307692,58758979,164700,58923679,MERCER,65.06568146,307863,54876,3795,10580,1.232691165,3.43659355,0.06915591515,0.1927983089,46.75
NEW BRUNSWICK,NJ,0,0,0,0,1,0,0,0,37561000,25937250,63498250,MIDDLESEX,9.558260918,595893,34941,12275,34138,2.059933579,5.728880856,0.3513064881,0.9770184024,55.7
WOODBRIDGE,NJ,0,0,0,0,1,0,0,0,8647000,25937250,34584250,MIDDLESEX,9.558260918,595893,34941,12275,34138,2.059933579,5.728880856,0.3513064881,0.9770184024,55.7
ASBURY PARK,NJ,0,0,0,0,1,0,0,0,9824100,43335290,53159390,MONMOUTH,10.60935879,503173,42285,5334,12915,1.060072778,2.566711648,0.1261440227,0.3054274565,62.75
DOVER,NJ,0,0,0,0,1,0,0,0,266000,30512900,30778900,MORRIS,2.190998554,407630,9811,6782,10952,1.663763707,2.686750239,0.6912649067,1.116298033,68.25
JACKSON,NJ,0,0,0,0,1,0,0,0,NA,NA,NA,OCEAN,11.77641201,346038,9166,1708,8444,0.4935874095,2.44019443,0.1863408248,0.921230635,67.72
CLIFTON,NJ,0,0,0,0,1,0,0,0,19312550,19682665,38995215,PASSAIC,9.799028397,447585,57202,4655,62123,1.040025917,13.87959829,0.08137827349,1.086028461,57.31
PATERSON,NJ,0,0,0,0,1,0,0,0,65429529,19682665,85112194,PASSAIC,9.799028397,447585,57202,4655,62123,1.040025917,13.87959829,0.08137827349,1.086028461,57.31
WEST MILFORD,NJ,0,0,0,0,1,0,0,0,0,19682665,19682665,PASSAIC,9.799028397,447585,57202,4655,62123,1.040025917,13.87959829,0.08137827349,1.086028461,57.31
CLARK,NJ,0,0,0,0,1,0,0,0,0,57872600,57872600,UNION,5.167490482,504094,79979,6238,40756,1.237467615,8.08500002,0.07799547381,0.5095837657,56.61
ALBUQUERQUE,NM,1,0,0,1,1,0,0,0,86798350,268000,87066350,BERNALILLO,50.05733109,419700,9328,3559,154620,0.8479866571,36.84060043,0.3815394511,16.57590051,60.49
COCHITI LAKE,NM,0,0,0,1,1,0,0,0,NA,NA,NA,SANDOVAL,192.0106201,34799,290,65,9580,0.1867869766,27.52952671,0.224137931,33.03448276,58.79
CORRALES,NM,0,0,0,1,1,0,0,0,NA,NA,NA,SANDOVAL,192.0106201,34799,290,65,9580,0.1867869766,27.52952671,0.224137931,33.03448276,58.79
RIO RANCHO,NM,0,0,0,1,1,0,0,0,NA,NA,NA,SANDOVAL,192.0106201,34799,290,65,9580,0.1867869766,27.52952671,0.224137931,33.03448276,58.79
LAS VEGAS,NV,0,0,0,1,0,0,0,0,24775204,0,24775204,CLARK,14.52379513,463087,45802,9207,35086,1.988179327,7.576546092,0.2010174228,0.7660364176,66.54
RENO,NV,1,0,0,1,0,0,0,0,12492530,0,12492530,WASHOE,21.67951012,193623,3497,3803,9352,1.964126163,4.8300047,1.087503574,2.674292251,72.55
BRONX,NY,1,0,0,0,0,0,0,0,NA,NA,NA,BRONX,NA,1168972,348744,15163,396353,1.2971226,33.9061158,0.04347888422,1.13651561,32.41
DEWITTVILLE,NY,0,0,0,0,0,0,0,0,NA,NA,NA,CHAUTAUQUA,6.214142799,146925,1869,374,2266,0.254551642,1.542283478,0.2001070091,1.212413055,56.81
BUFFALO,NY,0,0,0,0,0,0,0,0,294595028,0,294595028,ERIE,5.594441891,1015472,101969,5424,14390,0.5341358501,1.417075015,0.05319263698,0.1411213212,44.01
BROOKLYN,NY,0,0,0,0,0,0,0,0,NA,NA,NA,KINGS,NA,2230936,689626,42965,392118,1.925873266,17.57638946,0.06230188537,0.5685951516,40.95
HAMPSTEAD,NY,0,0,0,0,0,0,0,0,0,118848956,118848959,NASSAU,4.823325157,1321582,88414,14472,43286,1.095051234,3.275317006,0.1636844844,0.4895830977,61.64
LONG BEACH,NY,0,0,0,0,0,0,0,0,2529150,118848957,121378107,NASSAU,4.823325157,1321582,88414,14472,43286,1.095051234,3.275317006,0.1636844844,0.4895830977,61.64
ROCKVILLE CENTRE,NY,0,0,0,0,0,0,0,0,0,118848958,118848959,NASSAU,4.823325157,1321582,88414,14472,43286,1.095051234,3.275317006,0.1636844844,0.4895830977,61.64
ROSLYN HEIGHTS,NY,0,0,0,0,0,0,0,0,0,118848959,118848959,NASSAU,4.823325157,1321582,88414,14472,43286,1.095051234,3.275317006,0.1636844844,0.4895830977,61.64
NEW YORK,NY,1,1,1,0,0,1,0,1,2837066236,0,2837066236,NEW YORK,18.87550926,1428285,290218,72884,336247,5.102903132,23.54201017,0.2511353534,1.158601465,29.6
ELMHURST,NY,0,0,0,0,0,0,0,0,NA,NA,NA,QUEENS,NA,1891325,341059,93780,262422,4.958428615,13.8750347,0.2749670878,0.7694328547,48.29
LONG ISLAND CITY,NY,0,0,0,0,0,0,0,0,NA,NA,NA,QUEENS,NA,1891325,341059,93780,262422,4.958428615,13.8750347,0.2749670878,0.7694328547,48.29
RIDGEWOOD,NY,0,0,0,0,0,0,0,0,NA,NA,NA,QUEENS,NA,1891325,341059,93780,262422,4.958428615,13.8750347,0.2749670878,0.7694328547,48.29
WOODSIDE,NY,0,0,0,0,0,0,0,0,NA,NA,NA,QUEENS,NA,1891325,341059,93780,262422,4.958428615,13.8750347,0.2749670878,0.7694328547,48.29
MAMARONECK,NY,0,0,0,0,0,0,0,0,0,44138000,44138000,WESTCHESTER,7.512126446,866599,102443,15126,45566,1.745443971,5.258025915,0.1476528411,0.4447936901,60.41
NEW ROCHELLE,NY,0,0,0,0,0,0,0,0,20690939,44138000,64828939,WESTCHESTER,7.512126446,866599,102443,15126,45566,1.745443971,5.258025915,0.1476528411,0.4447936901,60.41
WHITE PLAINS,NY,0,0,0,0,0,0,0,0,24985000,44138000,69123000,WESTCHESTER,7.512126446,866599,102443,15126,45566,1.745443971,5.258025915,0.1476528411,0.4447936901,60.41
BEACHWOOD,OH,1,0,0,0,0,0,0,0,0,42748880,42748880,CUYAHOGA,11.3220768,1498400,338591,11470,24028,0.7654831821,1.603577149,0.03387567892,0.07096467419,45.33
CLEVELAND,OH,1,0,0,0,0,0,0,0,468217030,42748880,510965910,CUYAHOGA,11.3220768,1498400,338591,11470,24028,0.7654831821,1.603577149,0.03387567892,0.07096467419,45.33
DEFIANCE,OH,0,0,0,0,0,0,0,0,NA,NA,NA,DEFIANCE,16.67420959,39987,207,101,2401,0.2525820892,6.004451447,0.4879227053,11.59903382,64.74
COLUMBUS,OH,1,0,0,0,0,0,0,0,135868246,30709953,166578199,FRANKLIN,10.98937893,869132,130190,6510,6508,0.7490231633,0.7487930487,0.05000384054,0.04998847838,58.27
BLUE ASH,OH,0,0,0,0,0,0,0,0,0,1565840,1565840,HAMILTON,13.05543709,873224,164744,4846,5516,0.5549549715,0.6316821343,0.02941533531,0.03348225125,61.58
CINCINNATI,OH,1,0,0,0,0,0,0,0,251883523,1565840,253449363,HAMILTON,13.05543709,873224,164744,4846,5516,0.5549549715,0.6316821343,0.02941533531,0.03348225125,61.58
LORAIN,OH,1,0,0,0,0,0,0,0,16011880,0,16011880,LORAIN,4.6191926,274909,19549,972,13124,0.3535715455,4.773943378,0.04972121336,0.6713386874,55.5
DAYTON,OH,1,0,0,0,0,0,0,0,115031492,33710935,148742427,MONTGOMERY,11.35739899,571697,94025,3214,4159,0.5621859132,0.7274832647,0.0341823983,0.04423291678,49.11
AKRON,OH,0,0,0,0,0,0,0,0,146554882,26966430,173521312,SUMMIT,10.43492889,524472,56418,2341,2732,0.4463536662,0.5209048338,0.04149384948,0.04842426176,47.39
MASON,OH,0,0,0,0,0,0,0,0,0,20684662,20684662,WARREN,0,99276,1700,169,378,0.1702324832,0.3807566784,0.09941176471,0.2223529412,66.49
OKLAHOMA CITY,OK,1,0,0,0,1,0,0,0,85589500,0,85589500,OKLAHOMA,1.626604557,568933,69846,5631,14008,0.9897474747,2.462152837,0.08062022163,0.2005555078,70.37
TULSA,OK,1,1,0,0,1,0,0,0.2,73468850,0,73468850,TULSA,13.77307701,470593,43312,3079,7615,0.6542808754,1.618171116,0.07108884374,0.1758173255,69.99
ASTORIA,OR,0,0,0,0,1,0,0,0,NA,NA,NA,CLATSOP,5.104909897,32489,167,442,446,1.360460464,1.372772323,2.646706587,2.670658683,48.58
BEND,OR,0,0,0,0,1,0,0,0,NA,NA,NA,DESCHUTES,0,62142,38,257,1052,0.4135689228,1.692896914,6.763157895,27.68421053,61.17
MEDFORD,OR,0,0,0,0,1,0,0,0,NA,NA,NA,JACKSON,8.603094101,132456,163,798,3954,0.6024642145,2.985142236,4.895705521,24.25766871,62.29
SALEM,OR,1,0,0,0,1,0,0,0,21693400,0,21693400,MARION,42.6148262,204692,1233,1975,9702,0.9648642839,4.739804194,1.601784266,7.868613139,56.77
PORTLAND,OR,1,0,0,0,1,0,0,0,138304600,0,138304600,MULTNOMAH,17.05695343,562640,29486,14163,11239,2.517240154,1.997547277,0.480329648,0.3811639422,45.75
PITTSBURGH,PA,1,0,0,0,0,1,0,0,331534071,188301660,519835731,ALLEGHENY,16.59537125,1450085,149272,7737,8175,0.5335549295,0.5637600554,0.05183155582,0.05476579667,47.75
READING,PA,0,0,0,0,0,1,0,0,63900690,30696200,94596890,BERKS,7.04098177,312509,7508,1247,9013,0.399028508,2.884076939,0.1660895045,1.20045285,62.43
BRISTOL,PA,0,0,0,0,0,0,0,0,0,37203100,37203100,BUCKS,3.372898817,479211,11832,3572,5684,0.7453919046,1.186116345,0.3018931711,0.4803921569,62.97
HARRISBURG,PA,0,0,0,0,0,0,0,0,53383541,0,53383541,DAUPHIN,19.63000679,232317,30961,1391,3585,0.5987508448,1.543150092,0.04492748942,0.1157908336,61.77
ALLENTOWN,PA,1,1,0,0,0,0,0,0.06666666667,44429700,0,44429700,LEHIGH,3.86509943,272349,3961,1449,7028,0.5320379366,2.580512504,0.365816713,1.774299419,59.32
NORRISTOWN,PA,0,1,0,0,0,0,0,0.01960784314,0,42743900,42743900,MONTGOMERY,1.052116394,643621,30517,7438,5391,1.155649054,0.8376047394,0.2437330013,0.1766556346,65.07
BETHLEHEM,PA,0,0,0,0,0,0,0,0,22216900,0,22216900,NORTHAMPTON,0.183434948,225418,3875,1171,7059,0.5194793672,3.131515673,0.3021935484,1.821677419,52.86
PHILADELPHIA,PA,1,1,0,0,0,1,0,1,900256737,0,900256737,PHILADELPHIA,21.78123856,1688210,633485,17764,63570,1.052238762,3.765526801,0.0280417058,0.1003496531,36.69
CENTRAL FALLS,RI,0,0,0,0,1,0,0,0,1154940,0,1154940,PROVIDENCE,17.91981125,571349,22270,3175,15935,0.5557023816,2.78901337,0.1425684778,0.7155365963,40.54
PROVIDENCE,RI,1,0,0,0,1,0,0,0,121771306,0,121771306,PROVIDENCE,17.91981125,571349,22270,3175,15935,0.5557023816,2.78901337,0.1425684778,0.7155365963,40.54
GREENVILLE,SC,0,0,0,0,0,0,0,0,29245700,30005625,59251325,GREENVILLE,5.531672478,287913,50420,878,2215,0.3049532324,0.7693296239,0.01741372471,0.04393097977,58.96
COLUMBIA,SC,0,0,0,0,0,0,0,0,35945837,400000,36345837,RICHLAND,39.87968826,269735,103055,2231,4328,0.8271080876,1.604537787,0.02164863422,0.0419969919,51.8
NASHVILLE,TN,0,1,0,0,0,1,0,0,110280470,0,110280470,DAVIDSON,24.85276794,477811,105642,2316,3741,0.4847104818,0.782945558,0.02192309877,0.03541205202,38.8
MEMPHIS,TN,0,0,0,0,0,0,0,0,193455700,0,193455700,SHELBY,0.656018615,777113,321757,3862,6921,0.4969676225,0.8906040692,0.01200284687,0.02151002154,46.81
SAN ANTONIO,TX,0,0,0,0,1,0,0,0,272787950,3622000,276409950,BEXAR,14.5341053,988800,68030,7500,460911,0.7584951456,46.61316748,0.1102454799,6.77511392,53.67
BRYAN,TX,0,0,0,0,1,0,0,0,9596000,0,9596000,BRAZOS,5.879618645,93588,10267,1099,9455,1.17429585,10.10279096,0.1070419792,0.9209116587,64.36
MAXWELL,TX,0,0,0,0,1,0,0,0,NA,NA,NA,CALDWELL,1.491180539,23637,3811,167,7790,0.7065194399,32.95680501,0.04382051955,2.044082918,47.71
JACKSONVILLE,TX,0,0,0,0,1,0,0,0,NA,NA,NA,CHEROKEE,1.254902482,38127,6979,131,1294,0.3435885331,3.393920319,0.01877059751,0.185413383,49.57
MURPHY,TX,0,0,0,0,1,0,0,0,NA,NA,NA,COLLIN,2.830222607,144576,6190,1032,7186,0.713811421,4.970396193,0.166720517,1.160904685,70.65
PLANO,TX,0,0,0,0,1,0,0,0,NA,NA,NA,COLLIN,2.830222607,144576,6190,1032,7186,0.713811421,4.970396193,0.166720517,1.160904685,70.65
DALLAS,TX,1,0,0,0,1,0,0,0,186011071,0,186011071,DALLAS,6.899856567,1556390,285787,15034,154561,0.9659532636,9.930737155,0.05260561187,0.5408258598,61.69
GARLAND,TX,0,0,0,0,1,0,0,0,12472000,0,12472000,DALLAS,6.899856567,1556390,285787,15034,154561,0.9659532636,9.930737155,0.05260561187,0.5408258598,61.69
MESQUITE,TX,0,0,0,0,1,0,0,0,7245000,0,7245000,DALLAS,6.899856567,1556390,285787,15034,154561,0.9659532636,9.930737155,0.05260561187,0.5408258598,61.69
HOUSTON,TX,0,1,0,0,1,0,0,0.0303030303,303474900,0,303474900,HARRIS,19.87702751,2409547,469290,46355,369077,1.923805595,15.31727748,0.09877687571,0.7864582667,60.32
TYLER,TX,0,0,0,0,1,0,0,0,12257300,NA,12257300,SMITH,5.405594826,128366,28059,353,4037,0.2749949364,3.144913762,0.01258063366,0.1438754054,65.55
ARLINGTON,TX,0,0,0,0,1,0,0,0,13739000,31974930,45713930,TARRANT,5.846124172,860880,100537,6465,67632,0.7509757457,7.856147198,0.06430468385,0.6727075604,58.9
FORT WORTH,TX,1,0,0,0,1,0,0,0,94506500,31974930,126481430,TARRANT,5.846124172,860880,100537,6465,67632,0.7509757457,7.856147198,0.06430468385,0.6727075604,58.9
AUSTIN,TX,1,0,0,0,1,0,0,0,81276450,0,81276450,TRAVIS,102.3790283,419573,44422,4105,72288,0.9783756343,17.22894467,0.09240916663,1.627301787,49.37
WOODS CROSS,UT,0,0,0,1,1,0,0,0,0,1340416,1340416,DAVIS,0,146540,2218,1709,5436,1.166234475,3.709567354,0.7705139766,2.450856628,83.45
SALT LAKE CITY,UT,1,1,0,1,1,0,0,0.05263157895,75844250,45286750,121131000,SALT LAKE,15.05135441,619066,3916,8021,30867,1.295661529,4.986059645,2.048263534,7.882277835,74.34
SOUTH JORDAN,UT,0,0,0,1,1,0,0,0.05263157895,0,45286750,45286750,SALT LAKE,15.05135441,619066,3916,8021,30867,1.295661529,4.986059645,2.048263534,7.882277835,74.34
ARLINGTON,VA,1,0,0,0,0,0,0,0,0,25287700,25287700,ARLINGTON,0.472532839,152599,13852,6631,8863,4.345375789,5.808032818,0.4787034363,0.6398354028,53.79
FALLS CHURCH,VA,0,0,0,0,0,0,0,0,0,25287700,25287700,ARLINGTON,0.472532839,152599,13852,6631,8863,4.345375789,5.808032818,0.4787034363,0.6398354028,53.79
ALEXANDRIA,VA,1,0,0,0,0,0,0,0,18512210,0,18512210,FAIRFAX,0,596901,34618,22725,19535,3.807164002,3.27273702,0.6564504015,0.5643018083,65.11
RESTON,VA,0,0,0,0,0,0,0,0,0,48672195,48672195,FAIRFAX,0,596901,34618,22725,19535,3.807164002,3.27273702,0.6564504015,0.5643018083,65.11
SPRINGFIELD,VA,0,0,0,0,0,0,0,0,0,48672195,48672195,FAIRFAX,0,596901,34618,22725,19535,3.807164002,3.27273702,0.6564504015,0.5643018083,65.11
HARRISONBURG,VA,0,0,0,0,0,0,0,0,NA,NA,NA,ROCKINGHAM,0,57038,778,144,415,0.2524632701,0.7275851187,0.1850899743,0.5334190231,68.28
VANCOUVER,WA,0,0,0,1,1,0,0,0,1622000,5732000,7354000,CLARK,10.45366669,192227,1670,2294,3059,1.193380743,1.59134773,1.373652695,1.831736527,52.07
PASCO,WA,0,0,0,1,1,0,0,0,3434000,0,3434000,FRANKLIN,121.1165085,35025,1441,330,5412,0.9421841542,15.45182013,0.2290076336,3.755725191,66.33
MERCER ISLAND,WA,0,0,0,1,1,0,0,0,0,68062464,68062464,KING,13.87168407,1269749,55225,58712,26631,4.623905985,2.097343648,1.063141693,0.4822272522,53.7
SEATTLE,WA,1,0,0,1,1,1,0,0,193152704,68062464,261215168,KING,13.87168407,1269749,55225,58712,26631,4.623905985,2.097343648,1.063141693,0.4822272522,53.7
LAKEWOOD,WA,0,0,0,1,1,0,0,0,0,37107727,37107727,PIERCE,16.40245628,485643,29334,14622,12892,3.010853652,2.654624899,0.498465944,0.4394900116,58.34
TACOMA,WA,0,0,0,1,1,0,0,0,51188764,37107727,88296491,PIERCE,16.40245628,485643,29334,14622,12892,3.010853652,2.654624899,0.498465944,0.4394900116,58.34
OLYMPIA,WA,1,0,0,1,1,0,0,0,2648533,0,2648533,THURSTON,38.26024246,124264,1002,2439,2577,1.962756712,2.073810597,2.434131737,2.571856287,56.25
GREEN BAY,WI,0,0,0,0,0,0,0,0,17099086,279000,17378086,BROWN,0.328047812,175280,497,568,906,0.3240529439,0.5168872661,1.142857143,1.822937626,61.23
MADISON,WI,1,0,0,0,0,1,0,0,33013986,0,33013986,DANE,54.72421646,323545,5648,3310,3280,1.023041617,1.013769337,0.5860481586,0.5807365439,40.2
CUDAHY,WI,0,0,0,0,0,0,0,0,0,17288674,17288674,MILWAUKEE,10.53548813,964988,148307,5745,29343,0.5953441908,3.040763201,0.03873721402,0.197853102,43.3
MILWAUKEE,WI,1,0,0,0,0,0,0,0,279561790,17288674,296850464,MILWAUKEE,10.53548813,964988,148307,5745,29343,0.5953441908,3.040763201,0.03873721402,0.197853102,43.3
BELOIT,WI,0,0,0,0,0,0,0,0,9346755,0,9346755,ROCK,13.86160946,139420,4660,539,958,0.3866016353,0.6871324057,0.1156652361,0.2055793991,55.58
JACKSON,WY,0,0,0,0,0,0,0,0,0,25000,25000,TETON,0,NA,NA,NA,NA,NA,NA,NA,NA,68.82
,,, ,,,,,,,,,,,,,,,,,,,,